event_id,machine_id,production_line,event_timestamp,signal_name,signal_value,status,batch_id,created_at
EVT_000001,MCH_02,LINE_C,2026-05-03T11:46:13.951616,pressure,58.28,UNKNOWN_STATUS,BATCH_009,2026-05-03T11:46:49.951616
EVT_000002,MCH_05,LINE_C,2026-05-03T12:35:13.951735,speed,66.62,OK,BATCH_011,2026-05-03T12:36:54.951735
EVT_000003,MCH_05,LINE_A,2026-05-03T11:24:13.951768,speed,34.4,ERROR,BATCH_009,2026-05-03T11:25:28.951768
EVT_000004,MCH_04,LINE_C,2026-05-03T10:38:13.951793,speed,92.82,ERROR,BATCH_012,2026-05-03T10:38:14.951793
EVT_000005,MCH_04,LINE_C,2026-05-03T10:32:13.951812,vibration,not_a_number,WARNING,BATCH_013,2026-05-03T10:32:47.951812
EVT_000006,MCH_03,LINE_C,2026-05-03T13:02:13.951833,temperature,not_a_number,WARNING,BATCH_008,2026-05-03T13:02:35.951833
EVT_000007,,LINE_B,2026-05-03T12:00:13.951852,speed,55.55,WARNING,BATCH_020,2026-05-03T12:01:47.951852
EVT_000008,MCH_04,LINE_C,wrong_date,temperature,19.99,ERROR,BATCH_014,2026-05-03T13:06:05.951885
EVT_000009,,LINE_C,2026-05-03T13:33:13.951913,pressure,72.82,ERROR,BATCH_005,2026-05-03T13:34:48.951913
EVT_000010,MCH_04,LINE_B,2026-05-03T10:11:13.951932,vibration,107.94,ERROR,BATCH_013,2026-05-03T10:12:43.951932
EVT_000011,MCH_02,LINE_C,wrong_date,temperature,76.16,WARNING,BATCH_003,2026-05-03T13:18:28.951950
EVT_000012,,LINE_A,2026-05-03T12:21:13.951968,vibration,71.13,ERROR,BATCH_015,2026-05-03T12:22:35.951968
EVT_000013,,LINE_C,2026-05-03T11:59:13.951986,temperature,42.95,ERROR,BATCH_013,2026-05-03T12:00:22.951986
EVT_000014,MCH_03,LINE_C,2026-05-03T11:06:13.952004,speed,68.42,UNKNOWN_STATUS,BATCH_006,2026-05-03T11:07:36.952004
EVT_000015,MCH_02,LINE_B,wrong_date,pressure,14.44,OK,BATCH_001,2026-05-03T12:34:31.952023
EVT_000016,MCH_01,LINE_A,2026-05-03T13:22:13.952041,temperature,67.33,ERROR,BATCH_006,2026-05-03T13:23:08.952041
EVT_000017,MCH_04,LINE_A,2026-05-03T12:35:13.952060,pressure,not_a_number,WARNING,BATCH_019,2026-05-03T12:36:56.952060
EVT_000018,MCH_05,LINE_B,wrong_date,vibration,118.97,WARNING,BATCH_010,2026-05-03T10:47:43.952085
EVT_000019,MCH_01,LINE_C,2026-05-03T10:56:13.952104,speed,not_a_number,WARNING,BATCH_020,2026-05-03T10:57:36.952104
EVT_000020,MCH_03,LINE_C,2026-05-03T13:35:13.952122,speed,79.7,OK,BATCH_007,2026-05-03T13:36:57.952122
EVT_000021,MCH_05,LINE_A,2026-05-03T13:38:13.952140,temperature,35.16,UNKNOWN_STATUS,BATCH_008,2026-05-03T13:39:23.952140
EVT_000022,MCH_03,LINE_A,wrong_date,speed,93.6,ERROR,BATCH_011,2026-05-03T11:08:33.952159
EVT_000023,MCH_01,LINE_C,2026-05-03T12:54:13.952177,temperature,not_a_number,WARNING,BATCH_001,2026-05-03T12:54:15.952177
EVT_000024,MCH_05,LINE_A,2026-05-03T11:09:13.952225,temperature,not_a_number,ERROR,BATCH_020,2026-05-03T11:10:22.952225
EVT_000025,MCH_03,LINE_B,2026-05-03T12:32:13.952252,temperature,17.2,WARNING,,2026-05-03T12:34:01.952252
EVT_000026,MCH_01,LINE_A,wrong_date,speed,51.37,ERROR,BATCH_003,2026-05-03T11:56:03.952272
EVT_000027,MCH_04,LINE_B,2026-05-03T10:06:13.952295,speed,66.89,OK,,2026-05-03T10:08:05.952295
EVT_000028,MCH_02,LINE_C,2026-05-03T10:24:13.952312,vibration,39.71,ERROR,BATCH_016,2026-05-03T10:25:11.952312
EVT_000029,MCH_05,LINE_C,2026-05-03T11:34:13.952328,pressure,49.78,ERROR,BATCH_013,2026-05-03T11:35:54.952328
EVT_000030,MCH_03,LINE_C,2026-05-03T13:01:13.952344,temperature,88.39,ERROR,,2026-05-03T13:01:59.952344
EVT_000031,MCH_04,LINE_A,2026-05-03T11:33:13.952360,vibration,40.19,OK,,2026-05-03T11:35:03.952360
EVT_000032,MCH_05,LINE_B,2026-05-03T11:42:13.952376,temperature,41.85,OK,BATCH_004,2026-05-03T11:42:37.952376
EVT_000033,MCH_05,LINE_A,2026-05-03T10:58:13.952392,temperature,19.98,UNKNOWN_STATUS,BATCH_018,2026-05-03T10:58:30.952392
EVT_000034,MCH_01,LINE_C,2026-05-03T12:25:13.952524,pressure,76.97,ERROR,BATCH_003,2026-05-03T12:25:13.952524
EVT_000035,MCH_05,LINE_B,2026-05-03T11:54:13.952569,pressure,106.01,OK,,2026-05-03T11:55:14.952569
EVT_000036,MCH_02,LINE_C,2026-05-03T13:12:13.952589,vibration,77.32,WARNING,BATCH_013,2026-05-03T13:14:01.952589
EVT_000037,MCH_04,LINE_C,2026-05-03T10:25:13.952607,vibration,22.67,ERROR,BATCH_019,2026-05-03T10:25:21.952607
EVT_000038,MCH_02,LINE_A,wrong_date,vibration,69.41,WARNING,BATCH_008,2026-05-03T10:43:02.952635
EVT_000039,MCH_03,LINE_A,2026-05-03T10:20:13.952654,temperature,not_a_number,ERROR,BATCH_009,2026-05-03T10:20:22.952654
EVT_000040,,LINE_C,2026-05-03T13:39:13.952757,temperature,25.68,OK,BATCH_006,2026-05-03T13:39:25.952757
EVT_000041,MCH_03,LINE_A,2026-05-03T11:08:13.952795,vibration,115.7,UNKNOWN_STATUS,BATCH_002,2026-05-03T11:09:33.952795
EVT_000042,MCH_02,LINE_A,wrong_date,pressure,58.92,OK,BATCH_012,2026-05-03T13:56:59.952872
EVT_000043,MCH_01,LINE_C,2026-05-03T12:40:13.954749,speed,71.15,OK,BATCH_004,2026-05-03T12:40:46.954749
EVT_000044,MCH_05,LINE_A,2026-05-03T10:46:13.954769,vibration,54.72,OK,BATCH_016,2026-05-03T10:47:20.954769
EVT_000045,MCH_01,LINE_A,2026-05-03T12:16:13.954780,temperature,103.45,UNKNOWN_STATUS,BATCH_008,2026-05-03T12:17:52.954780
EVT_000046,MCH_04,LINE_A,2026-05-03T11:14:13.954791,vibration,63.5,WARNING,BATCH_012,2026-05-03T11:15:03.954791
EVT_000047,MCH_03,LINE_A,wrong_date,speed,94.75,OK,BATCH_007,2026-05-03T13:54:15.954822
EVT_000048,MCH_05,LINE_C,2026-05-03T10:46:13.954836,vibration,98.38,WARNING,BATCH_009,2026-05-03T10:47:43.954836
EVT_000049,MCH_04,LINE_A,2026-05-03T11:19:13.954855,temperature,41.32,OK,BATCH_013,2026-05-03T11:20:39.954855
EVT_000050,MCH_04,LINE_A,2026-05-03T13:44:13.954874,pressure,87.7,WARNING,,2026-05-03T13:44:42.954874
EVT_000051,MCH_04,LINE_C,2026-05-03T12:59:13.955927,speed,78.85,UNKNOWN_STATUS,BATCH_012,2026-05-03T13:00:46.955927
EVT_000052,,LINE_C,2026-05-03T13:54:13.955967,speed,42.95,WARNING,BATCH_001,2026-05-03T13:55:40.955967
EVT_000053,MCH_05,LINE_C,2026-05-03T13:38:13.955987,speed,not_a_number,ERROR,BATCH_003,2026-05-03T13:39:42.955987
EVT_000054,MCH_02,LINE_A,2026-05-03T11:49:13.956008,temperature,33.45,OK,,2026-05-03T11:49:33.956008
EVT_000055,MCH_03,LINE_C,2026-05-03T12:54:13.956027,speed,28.47,OK,BATCH_008,2026-05-03T12:55:30.956027
EVT_000056,MCH_01,LINE_C,wrong_date,vibration,37.91,OK,BATCH_019,2026-05-03T10:56:20.956044
EVT_000057,MCH_05,LINE_B,wrong_date,temperature,22.7,OK,BATCH_004,2026-05-03T11:56:56.956060
EVT_000058,MCH_03,LINE_B,2026-05-03T12:18:13.956076,pressure,not_a_number,WARNING,BATCH_016,2026-05-03T12:18:48.956076
EVT_000059,MCH_02,LINE_B,2026-05-03T12:08:13.956096,pressure,not_a_number,WARNING,BATCH_011,2026-05-03T12:08:48.956096
EVT_000060,MCH_04,LINE_A,2026-05-03T11:33:13.956116,speed,10.18,OK,BATCH_014,2026-05-03T11:35:06.956116
EVT_000061,MCH_04,LINE_B,2026-05-03T11:47:13.956137,temperature,96.66,UNKNOWN_STATUS,BATCH_004,2026-05-03T11:48:23.956137
EVT_000062,MCH_05,LINE_C,2026-05-03T13:38:13.956156,speed,16.54,ERROR,BATCH_007,2026-05-03T13:39:26.956156
EVT_000063,MCH_01,LINE_A,2026-05-03T11:49:13.956204,speed,60.01,UNKNOWN_STATUS,BATCH_014,2026-05-03T11:50:55.956204
EVT_000064,MCH_03,LINE_B,2026-05-03T13:44:13.956224,pressure,34.76,ERROR,BATCH_009,2026-05-03T13:46:04.956224
EVT_000065,MCH_02,LINE_A,2026-05-03T12:20:13.956244,temperature,36.59,WARNING,BATCH_002,2026-05-03T12:21:15.956244
EVT_000066,MCH_05,LINE_C,2026-05-03T10:48:13.956275,pressure,64.12,ERROR,BATCH_010,2026-05-03T10:50:07.956275
EVT_000067,MCH_03,LINE_B,2026-05-03T13:09:13.956295,vibration,47.44,UNKNOWN_STATUS,BATCH_007,2026-05-03T13:09:25.956295
EVT_000068,MCH_01,LINE_B,2026-05-03T13:53:13.956312,pressure,24.79,OK,BATCH_008,2026-05-03T13:55:06.956312
EVT_000069,MCH_03,LINE_C,2026-05-03T13:24:13.956332,speed,68.26,ERROR,,2026-05-03T13:25:17.956332
EVT_000070,MCH_02,LINE_A,2026-05-03T11:07:13.956351,pressure,20.72,OK,BATCH_007,2026-05-03T11:08:34.956351
EVT_000071,MCH_05,LINE_A,2026-05-03T12:09:13.956370,speed,93.29,WARNING,BATCH_019,2026-05-03T12:10:45.956370
EVT_000072,MCH_05,LINE_B,2026-05-03T12:21:13.956389,speed,40.29,UNKNOWN_STATUS,BATCH_003,2026-05-03T12:21:15.956389
EVT_000073,,LINE_C,2026-05-03T11:39:13.956470,pressure,93.45,OK,BATCH_008,2026-05-03T11:39:47.956470
EVT_000074,MCH_04,LINE_A,2026-05-03T12:57:13.956503,speed,41.79,OK,BATCH_012,2026-05-03T12:58:10.956503
EVT_000075,MCH_04,LINE_C,2026-05-03T13:21:13.956522,pressure,82.71,WARNING,BATCH_011,2026-05-03T13:22:41.956522
EVT_000076,MCH_01,LINE_B,2026-05-03T12:04:13.956542,temperature,67.72,ERROR,BATCH_019,2026-05-03T12:04:56.956542
EVT_000077,MCH_03,LINE_A,2026-05-03T10:55:13.956561,pressure,82.94,ERROR,BATCH_008,2026-05-03T10:56:29.956561
EVT_000078,,LINE_A,2026-05-03T10:31:13.956599,speed,76.16,WARNING,BATCH_003,2026-05-03T10:32:39.956599
EVT_000079,MCH_01,LINE_B,2026-05-03T11:41:13.956629,pressure,52.38,UNKNOWN_STATUS,BATCH_009,2026-05-03T11:43:12.956629
EVT_000080,MCH_05,LINE_A,wrong_date,speed,116.65,ERROR,BATCH_020,2026-05-03T13:06:39.956650
EVT_000081,MCH_04,LINE_C,2026-05-03T11:00:13.956672,pressure,not_a_number,OK,BATCH_011,2026-05-03T11:00:53.956672
EVT_000082,MCH_01,LINE_B,2026-05-03T11:00:13.956693,vibration,65.85,UNKNOWN_STATUS,BATCH_003,2026-05-03T11:00:13.956693
EVT_000083,,LINE_B,2026-05-03T13:36:13.956712,pressure,115.37,ERROR,BATCH_018,2026-05-03T13:36:48.956712
EVT_000084,MCH_04,LINE_C,2026-05-03T13:21:13.956753,speed,87.68,UNKNOWN_STATUS,BATCH_003,2026-05-03T13:22:41.956753
EVT_000085,MCH_05,LINE_A,wrong_date,speed,19.6,WARNING,BATCH_019,2026-05-03T10:20:59.956773
EVT_000086,MCH_04,LINE_A,2026-05-03T11:57:13.956796,pressure,not_a_number,ERROR,BATCH_008,2026-05-03T11:57:37.956796
EVT_000087,MCH_05,LINE_A,2026-05-03T11:17:13.956816,pressure,34.57,UNKNOWN_STATUS,BATCH_013,2026-05-03T11:18:29.956816
EVT_000088,MCH_03,LINE_B,2026-05-03T12:13:13.956834,pressure,19.77,OK,BATCH_010,2026-05-03T12:14:45.956834
EVT_000089,MCH_05,LINE_B,2026-05-03T12:53:13.956852,temperature,101.53,WARNING,BATCH_009,2026-05-03T12:54:59.956852
EVT_000090,MCH_02,LINE_A,2026-05-03T12:48:13.956869,temperature,112.74,WARNING,BATCH_017,2026-05-03T12:48:52.956869
EVT_000091,MCH_04,LINE_C,2026-05-03T12:26:13.956888,pressure,88.95,ERROR,BATCH_012,2026-05-03T12:26:50.956888
EVT_000092,MCH_02,LINE_C,2026-05-03T11:53:13.956910,pressure,not_a_number,ERROR,BATCH_005,2026-05-03T11:55:11.956910
EVT_000093,MCH_03,LINE_B,2026-05-03T10:28:13.956932,vibration,37.36,OK,BATCH_007,2026-05-03T10:29:17.956932
EVT_000094,MCH_04,LINE_C,2026-05-03T12:36:13.956951,pressure,113.81,WARNING,BATCH_008,2026-05-03T12:36:14.956951
EVT_000095,MCH_05,LINE_C,2026-05-03T13:43:13.956971,vibration,29.35,OK,,2026-05-03T13:45:00.956971
EVT_000096,MCH_01,LINE_B,2026-05-03T13:23:13.956988,vibration,109.15,OK,BATCH_011,2026-05-03T13:23:30.956988
EVT_000097,,LINE_C,2026-05-03T13:12:13.957007,pressure,102.26,OK,BATCH_019,2026-05-03T13:13:20.957007
EVT_000098,MCH_01,LINE_A,2026-05-03T12:51:13.957028,vibration,34,WARNING,BATCH_012,2026-05-03T12:53:12.957028
EVT_000099,MCH_03,LINE_B,2026-05-03T10:22:13.957047,speed,93.25,WARNING,,2026-05-03T10:22:30.957047
EVT_000100,,LINE_C,2026-05-03T13:42:13.957067,pressure,82.32,WARNING,BATCH_016,2026-05-03T13:43:55.957067
EVT_000101,MCH_04,LINE_B,2026-05-03T10:34:13.957088,vibration,28.26,ERROR,BATCH_011,2026-05-03T10:34:28.957088
EVT_000102,MCH_05,LINE_B,2026-05-03T12:43:13.957105,speed,not_a_number,OK,BATCH_011,2026-05-03T12:44:35.957105
EVT_000103,MCH_01,LINE_A,2026-05-03T12:05:13.957123,pressure,not_a_number,OK,BATCH_010,2026-05-03T12:05:54.957123
EVT_000104,MCH_05,LINE_B,2026-05-03T13:51:13.957141,speed,81.92,WARNING,BATCH_013,2026-05-03T13:53:03.957141
EVT_000105,MCH_03,LINE_A,2026-05-03T13:45:13.957174,temperature,118.58,WARNING,,2026-05-03T13:46:37.957174
EVT_000106,MCH_05,LINE_B,2026-05-03T12:35:13.957201,temperature,89.24,OK,BATCH_020,2026-05-03T12:35:20.957201
EVT_000107,MCH_01,LINE_C,2026-05-03T10:42:13.957220,pressure,84.94,ERROR,BATCH_002,2026-05-03T10:43:17.957220
EVT_000108,MCH_02,LINE_B,2026-05-03T13:35:13.957238,pressure,100.45,OK,BATCH_005,2026-05-03T13:36:15.957238
EVT_000109,,LINE_C,2026-05-03T10:26:13.957257,temperature,15.67,ERROR,BATCH_020,2026-05-03T10:27:48.957257
EVT_000110,MCH_01,LINE_C,2026-05-03T10:49:13.957275,temperature,101.33,OK,BATCH_013,2026-05-03T10:49:27.957275
EVT_000111,,LINE_A,2026-05-03T11:52:13.957293,speed,69.97,OK,BATCH_019,2026-05-03T11:52:53.957293
EVT_000112,MCH_02,LINE_A,2026-05-03T12:00:13.957316,vibration,not_a_number,WARNING,BATCH_017,2026-05-03T12:01:59.957316
EVT_000113,MCH_02,LINE_C,2026-05-03T11:15:13.957334,speed,27.8,UNKNOWN_STATUS,BATCH_013,2026-05-03T11:16:54.957334
EVT_000114,MCH_01,LINE_C,2026-05-03T12:22:13.957351,pressure,103.15,ERROR,BATCH_012,2026-05-03T12:23:17.957351
EVT_000115,MCH_02,LINE_C,wrong_date,vibration,79.74,ERROR,BATCH_015,2026-05-03T10:35:54.957369
EVT_000116,MCH_02,LINE_B,2026-05-03T11:31:13.957387,speed,72.51,OK,BATCH_010,2026-05-03T11:31:51.957387
EVT_000117,MCH_01,LINE_A,2026-05-03T12:49:13.957409,vibration,100.16,WARNING,BATCH_012,2026-05-03T12:50:48.957409
EVT_000118,MCH_03,LINE_A,2026-05-03T11:54:13.957436,vibration,35.36,WARNING,BATCH_003,2026-05-03T11:54:43.957436
EVT_000119,MCH_02,LINE_B,2026-05-03T11:31:13.957456,temperature,not_a_number,WARNING,BATCH_013,2026-05-03T11:33:01.957456
EVT_000120,MCH_01,LINE_B,2026-05-03T10:40:13.957477,speed,105.79,WARNING,,2026-05-03T10:41:17.957477
EVT_000121,MCH_01,LINE_A,2026-05-03T11:44:13.957497,speed,not_a_number,WARNING,BATCH_015,2026-05-03T11:45:14.957497
EVT_000122,MCH_01,LINE_A,2026-05-03T10:12:13.957517,temperature,60.69,OK,BATCH_009,2026-05-03T10:14:06.957517
EVT_000123,MCH_02,LINE_A,2026-05-03T13:52:13.957537,speed,112.6,UNKNOWN_STATUS,BATCH_014,2026-05-03T13:52:57.957537
EVT_000124,MCH_02,LINE_A,2026-05-03T11:09:13.957556,vibration,91.79,WARNING,BATCH_018,2026-05-03T11:09:21.957556
EVT_000125,,LINE_B,2026-05-03T13:07:13.957581,pressure,112.45,OK,BATCH_012,2026-05-03T13:07:39.957581
EVT_000126,,LINE_C,2026-05-03T11:09:13.957604,vibration,119.61,ERROR,BATCH_005,2026-05-03T11:10:16.957604
EVT_000127,MCH_04,LINE_C,wrong_date,speed,55.97,ERROR,BATCH_010,2026-05-03T12:44:47.957625
EVT_000128,MCH_05,LINE_A,2026-05-03T11:49:13.957651,vibration,33.08,ERROR,,2026-05-03T11:50:56.957651
EVT_000129,MCH_05,LINE_B,2026-05-03T13:43:13.957670,temperature,12.78,OK,,2026-05-03T13:44:40.957670
EVT_000130,MCH_02,LINE_B,2026-05-03T10:11:13.957691,vibration,20.94,WARNING,,2026-05-03T10:11:45.957691
EVT_000131,MCH_01,LINE_A,2026-05-03T11:06:13.957710,speed,46.05,ERROR,BATCH_015,2026-05-03T11:06:21.957710
EVT_000132,MCH_05,LINE_C,2026-05-03T11:48:13.957725,speed,25.88,WARNING,BATCH_001,2026-05-03T11:49:17.957725
EVT_000133,MCH_02,LINE_B,2026-05-03T11:00:13.957736,temperature,not_a_number,OK,BATCH_014,2026-05-03T11:00:59.957736
EVT_000134,MCH_05,LINE_B,2026-05-03T11:40:13.957755,speed,not_a_number,WARNING,BATCH_018,2026-05-03T11:40:43.957755
EVT_000135,MCH_02,LINE_C,wrong_date,temperature,43.4,WARNING,BATCH_002,2026-05-03T11:10:55.957775
EVT_000136,MCH_05,LINE_C,2026-05-03T10:58:13.957794,pressure,64.45,ERROR,,2026-05-03T10:58:48.957794
EVT_000137,MCH_02,LINE_A,2026-05-03T10:15:13.957813,vibration,not_a_number,OK,BATCH_004,2026-05-03T10:16:17.957813
EVT_000138,MCH_04,LINE_C,2026-05-03T10:37:13.957832,temperature,61.01,ERROR,BATCH_015,2026-05-03T10:37:48.957832
EVT_000139,,LINE_A,2026-05-03T11:03:13.957851,speed,70.06,ERROR,BATCH_010,2026-05-03T11:04:22.957851
EVT_000140,MCH_04,LINE_B,2026-05-03T13:31:13.957869,pressure,12.17,ERROR,,2026-05-03T13:33:10.957869
EVT_000141,,LINE_A,2026-05-03T10:04:13.957888,vibration,63.43,OK,BATCH_014,2026-05-03T10:04:59.957888
EVT_000142,MCH_04,LINE_C,2026-05-03T12:33:13.957907,vibration,24.7,WARNING,BATCH_004,2026-05-03T12:34:06.957907
EVT_000143,,LINE_B,2026-05-03T13:16:13.957925,pressure,15.95,WARNING,BATCH_020,2026-05-03T13:17:57.957925
EVT_000144,MCH_02,LINE_C,2026-05-03T13:53:13.957957,temperature,85.78,WARNING,BATCH_012,2026-05-03T13:54:32.957957
EVT_000145,MCH_02,LINE_B,2026-05-03T13:02:13.957984,speed,106.34,UNKNOWN_STATUS,BATCH_004,2026-05-03T13:02:46.957984
EVT_000146,MCH_04,LINE_B,wrong_date,speed,70.21,ERROR,BATCH_017,2026-05-03T12:44:14.958007
EVT_000147,MCH_01,LINE_A,2026-05-03T10:34:13.958025,vibration,33.34,OK,BATCH_014,2026-05-03T10:35:16.958025
EVT_000148,,LINE_B,2026-05-03T12:40:13.958109,temperature,42.69,OK,BATCH_014,2026-05-03T12:41:40.958109
EVT_000149,MCH_02,LINE_B,2026-05-03T11:51:13.958134,temperature,26.64,WARNING,,2026-05-03T11:51:22.958134
EVT_000150,MCH_03,LINE_B,2026-05-03T11:58:13.958156,temperature,38.1,UNKNOWN_STATUS,BATCH_001,2026-05-03T11:58:51.958156
EVT_000151,MCH_02,LINE_C,2026-05-03T10:28:13.958187,temperature,17.27,UNKNOWN_STATUS,BATCH_015,2026-05-03T10:28:56.958187
EVT_000152,MCH_01,LINE_C,2026-05-03T11:28:13.958205,speed,17.21,ERROR,BATCH_002,2026-05-03T11:28:23.958205
EVT_000153,MCH_04,LINE_A,2026-05-03T12:09:13.958222,pressure,26.73,UNKNOWN_STATUS,BATCH_012,2026-05-03T12:10:34.958222
EVT_000154,,LINE_C,2026-05-03T10:25:13.958245,speed,46.93,ERROR,BATCH_014,2026-05-03T10:26:45.958245
EVT_000155,MCH_02,LINE_A,2026-05-03T12:53:13.958266,vibration,39.17,OK,BATCH_016,2026-05-03T12:53:41.958266
EVT_000156,MCH_02,LINE_B,2026-05-03T12:52:13.958287,temperature,80.49,UNKNOWN_STATUS,BATCH_018,2026-05-03T12:52:45.958287
EVT_000157,MCH_01,LINE_A,wrong_date,speed,113.64,OK,BATCH_010,2026-05-03T13:57:34.958308
EVT_000158,MCH_05,LINE_B,2026-05-03T12:51:13.958328,vibration,35.36,ERROR,BATCH_006,2026-05-03T12:51:21.958328
EVT_000159,MCH_02,LINE_C,2026-05-03T13:22:13.958348,temperature,20.5,ERROR,BATCH_010,2026-05-03T13:23:35.958348
EVT_000160,MCH_02,LINE_A,2026-05-03T13:56:13.958368,speed,19.97,UNKNOWN_STATUS,BATCH_014,2026-05-03T13:58:11.958368
EVT_000161,MCH_02,LINE_A,2026-05-03T11:35:13.958389,vibration,20.92,UNKNOWN_STATUS,BATCH_018,2026-05-03T11:36:05.958389
EVT_000162,MCH_02,LINE_A,2026-05-03T11:46:13.958410,vibration,not_a_number,WARNING,BATCH_003,2026-05-03T11:47:07.958410
EVT_000163,MCH_01,LINE_C,2026-05-03T10:05:13.958430,vibration,67.07,ERROR,BATCH_018,2026-05-03T10:05:54.958430
EVT_000164,,LINE_C,2026-05-03T13:30:13.958459,speed,35.24,WARNING,BATCH_003,2026-05-03T13:31:32.958459
EVT_000165,MCH_04,LINE_C,2026-05-03T10:32:13.958480,temperature,69.49,ERROR,BATCH_020,2026-05-03T10:33:31.958480
EVT_000166,MCH_05,LINE_B,2026-05-03T12:03:13.958500,speed,not_a_number,OK,BATCH_004,2026-05-03T12:03:35.958500
EVT_000167,MCH_02,LINE_C,wrong_date,pressure,68.53,OK,BATCH_004,2026-05-03T13:56:38.958519
EVT_000168,,LINE_A,2026-05-03T13:32:13.958537,speed,82.09,ERROR,BATCH_006,2026-05-03T13:33:27.958537
EVT_000169,MCH_04,LINE_A,2026-05-03T11:01:13.958556,speed,98.32,ERROR,BATCH_020,2026-05-03T11:02:02.958556
EVT_000170,MCH_05,LINE_A,2026-05-03T12:18:13.958571,speed,86.23,ERROR,,2026-05-03T12:18:41.958571
EVT_000171,MCH_01,LINE_B,2026-05-03T13:49:13.958588,speed,55.98,WARNING,BATCH_005,2026-05-03T13:50:31.958588
EVT_000172,MCH_03,LINE_A,2026-05-03T11:25:13.958672,vibration,118.52,WARNING,BATCH_012,2026-05-03T11:25:20.958672
EVT_000173,MCH_02,LINE_B,2026-05-03T12:48:13.958700,speed,not_a_number,OK,BATCH_012,2026-05-03T12:48:35.958700
EVT_000174,MCH_01,LINE_C,2026-05-03T10:35:13.958722,vibration,not_a_number,WARNING,BATCH_020,2026-05-03T10:36:36.958722
EVT_000175,MCH_05,LINE_B,2026-05-03T11:52:13.958742,pressure,not_a_number,ERROR,BATCH_003,2026-05-03T11:54:03.958742
EVT_000176,MCH_02,LINE_A,wrong_date,speed,21.75,WARNING,BATCH_016,2026-05-03T13:36:29.958760
EVT_000177,MCH_04,LINE_B,2026-05-03T13:08:13.958779,speed,46.52,ERROR,,2026-05-03T13:08:23.958779
EVT_000178,,LINE_B,2026-05-03T13:47:13.958797,pressure,104.07,WARNING,BATCH_018,2026-05-03T13:48:09.958797
EVT_000179,MCH_01,LINE_C,2026-05-03T11:56:13.958816,vibration,20.87,WARNING,,2026-05-03T11:56:14.958816
EVT_000180,MCH_02,LINE_B,2026-05-03T12:11:13.958837,pressure,not_a_number,WARNING,BATCH_004,2026-05-03T12:12:11.958837
EVT_000181,,LINE_C,2026-05-03T11:19:13.958855,vibration,99.44,WARNING,BATCH_008,2026-05-03T11:19:32.958855
EVT_000182,,LINE_A,2026-05-03T12:17:13.958874,speed,102.09,WARNING,BATCH_007,2026-05-03T12:18:54.958874
EVT_000183,MCH_03,LINE_C,wrong_date,pressure,79.16,ERROR,BATCH_014,2026-05-03T12:10:24.958899
EVT_000184,,LINE_B,2026-05-03T12:51:13.958917,temperature,90.75,OK,BATCH_014,2026-05-03T12:52:55.958917
EVT_000185,MCH_03,LINE_B,2026-05-03T12:42:13.958935,temperature,101.37,WARNING,,2026-05-03T12:42:28.958935
EVT_000186,MCH_03,LINE_B,2026-05-03T11:03:13.958952,temperature,not_a_number,WARNING,BATCH_003,2026-05-03T11:05:12.958952
EVT_000187,MCH_01,LINE_B,wrong_date,pressure,99.69,ERROR,BATCH_007,2026-05-03T11:49:34.958970
EVT_000188,MCH_02,LINE_B,2026-05-03T11:39:13.958987,temperature,39.99,ERROR,BATCH_002,2026-05-03T11:39:36.958987
EVT_000189,MCH_03,LINE_B,2026-05-03T11:49:13.959006,pressure,75.47,WARNING,BATCH_009,2026-05-03T11:50:11.959006
EVT_000190,MCH_04,LINE_C,2026-05-03T10:20:13.959024,vibration,not_a_number,ERROR,BATCH_018,2026-05-03T10:21:01.959024
EVT_000191,,LINE_C,2026-05-03T11:10:13.959043,vibration,27.82,OK,BATCH_007,2026-05-03T11:10:25.959043
EVT_000192,MCH_02,LINE_C,2026-05-03T14:03:13.959063,vibration,42.59,ERROR,BATCH_010,2026-05-03T14:04:45.959063
EVT_000193,MCH_05,LINE_A,2026-05-03T10:25:13.959082,temperature,not_a_number,OK,BATCH_012,2026-05-03T10:25:17.959082
EVT_000194,MCH_01,LINE_C,2026-05-03T10:32:13.959101,temperature,68.3,ERROR,,2026-05-03T10:32:23.959101
EVT_000195,MCH_02,LINE_A,wrong_date,temperature,21.49,ERROR,BATCH_018,2026-05-03T11:13:02.959128
EVT_000196,MCH_04,LINE_C,wrong_date,speed,68.6,WARNING,BATCH_005,2026-05-03T12:13:50.959150
EVT_000197,MCH_03,LINE_B,2026-05-03T11:31:13.959169,pressure,115.02,WARNING,,2026-05-03T11:31:13.959169
EVT_000198,MCH_05,LINE_A,wrong_date,temperature,88.67,OK,BATCH_001,2026-05-03T10:41:32.959189
EVT_000199,,LINE_B,2026-05-03T12:16:13.959208,temperature,14.14,WARNING,BATCH_001,2026-05-03T12:16:59.959208
EVT_000200,MCH_04,LINE_A,2026-05-03T13:54:13.959232,temperature,105.91,UNKNOWN_STATUS,BATCH_014,2026-05-03T13:54:18.959232
EVT_000201,MCH_01,LINE_A,2026-05-03T13:09:13.959255,speed,not_a_number,WARNING,BATCH_012,2026-05-03T13:10:33.959255
EVT_000202,MCH_04,LINE_C,2026-05-03T11:21:13.959278,vibration,59.31,ERROR,BATCH_004,2026-05-03T11:22:26.959278
EVT_000203,MCH_02,LINE_B,2026-05-03T12:02:13.959304,temperature,49.98,UNKNOWN_STATUS,BATCH_014,2026-05-03T12:03:25.959304
EVT_000204,MCH_01,LINE_A,2026-05-03T10:35:13.959325,speed,23.69,OK,BATCH_007,2026-05-03T10:36:13.959325
EVT_000205,MCH_03,LINE_A,2026-05-03T12:18:13.959346,vibration,97.97,WARNING,BATCH_006,2026-05-03T12:20:02.959346
EVT_000206,MCH_02,LINE_B,2026-05-03T12:58:13.959366,pressure,74.65,ERROR,BATCH_007,2026-05-03T12:59:48.959366
EVT_000207,MCH_04,LINE_A,2026-05-03T12:13:13.959385,pressure,54.3,ERROR,BATCH_020,2026-05-03T12:14:23.959385
EVT_000208,,LINE_B,2026-05-03T13:24:13.959404,temperature,58.06,OK,BATCH_001,2026-05-03T13:25:55.959404
EVT_000209,MCH_01,LINE_B,2026-05-03T12:28:13.959423,pressure,97.74,OK,BATCH_013,2026-05-03T12:28:51.959423
EVT_000210,MCH_05,LINE_B,2026-05-03T11:01:13.959441,pressure,16.44,OK,BATCH_016,2026-05-03T11:02:17.959441
EVT_000211,MCH_01,LINE_B,2026-05-03T11:12:13.959461,speed,not_a_number,OK,BATCH_013,2026-05-03T11:13:55.959461
EVT_000212,MCH_01,LINE_C,2026-05-03T13:59:13.959479,vibration,25.6,OK,,2026-05-03T14:00:36.959479
EVT_000213,MCH_02,LINE_C,2026-05-03T13:49:13.959497,pressure,20.18,UNKNOWN_STATUS,BATCH_011,2026-05-03T13:50:26.959497
EVT_000214,MCH_01,LINE_A,2026-05-03T10:35:13.959516,pressure,82.56,ERROR,,2026-05-03T10:35:26.959516
EVT_000215,MCH_02,LINE_C,2026-05-03T12:57:13.959535,temperature,112.61,UNKNOWN_STATUS,BATCH_015,2026-05-03T12:57:28.959535
EVT_000216,MCH_03,LINE_A,2026-05-03T12:53:13.959553,speed,22.56,OK,BATCH_003,2026-05-03T12:54:06.959553
EVT_000217,MCH_05,LINE_B,2026-05-03T10:56:13.959571,temperature,109.17,WARNING,BATCH_009,2026-05-03T10:56:49.959571
EVT_000218,MCH_03,LINE_C,2026-05-03T11:59:13.959606,speed,99.7,OK,,2026-05-03T11:59:43.959606
EVT_000219,,LINE_B,2026-05-03T13:24:13.959624,vibration,38.68,ERROR,BATCH_004,2026-05-03T13:25:30.959624
EVT_000220,MCH_01,LINE_A,2026-05-03T14:02:13.959645,speed,100.23,ERROR,BATCH_012,2026-05-03T14:04:00.959645
EVT_000221,MCH_03,LINE_C,2026-05-03T10:14:13.959665,pressure,25.44,UNKNOWN_STATUS,BATCH_010,2026-05-03T10:16:07.959665
EVT_000222,MCH_03,LINE_A,wrong_date,temperature,24.2,WARNING,BATCH_019,2026-05-03T10:11:50.959691
EVT_000223,MCH_04,LINE_B,2026-05-03T11:33:13.959711,vibration,21.78,ERROR,BATCH_018,2026-05-03T11:33:31.959711
EVT_000224,MCH_04,LINE_A,2026-05-03T13:10:13.959729,temperature,45.07,OK,BATCH_015,2026-05-03T13:11:53.959729
EVT_000225,MCH_05,LINE_A,wrong_date,vibration,88.93,OK,BATCH_006,2026-05-03T12:30:23.959745
EVT_000226,MCH_05,LINE_A,2026-05-03T12:30:13.959767,speed,115.59,WARNING,BATCH_007,2026-05-03T12:31:26.959767
EVT_000227,MCH_02,LINE_C,2026-05-03T10:10:13.959785,pressure,not_a_number,ERROR,BATCH_007,2026-05-03T10:10:15.959785
EVT_000228,MCH_04,LINE_C,2026-05-03T13:13:13.959797,speed,12.84,ERROR,,2026-05-03T13:13:41.959797
EVT_000229,MCH_02,LINE_B,2026-05-03T13:04:13.959807,temperature,82.39,WARNING,BATCH_001,2026-05-03T13:05:49.959807
EVT_000230,MCH_02,LINE_A,2026-05-03T12:47:13.959820,temperature,70.72,ERROR,BATCH_001,2026-05-03T12:47:28.959820
EVT_000231,MCH_04,LINE_A,2026-05-03T13:06:13.959838,vibration,64.57,ERROR,BATCH_004,2026-05-03T13:07:41.959838
EVT_000232,,LINE_C,2026-05-03T12:26:13.959855,speed,40.35,OK,BATCH_010,2026-05-03T12:27:46.959855
EVT_000233,MCH_02,LINE_B,2026-05-03T12:09:13.959873,pressure,29.28,WARNING,BATCH_017,2026-05-03T12:11:10.959873
EVT_000234,MCH_04,LINE_A,2026-05-03T12:59:13.959892,speed,94.7,WARNING,BATCH_011,2026-05-03T12:59:40.959892
EVT_000235,MCH_01,LINE_A,2026-05-03T11:30:13.959908,speed,13.16,OK,BATCH_020,2026-05-03T11:30:22.959908
EVT_000236,,LINE_A,2026-05-03T12:28:13.959924,vibration,42.89,ERROR,BATCH_011,2026-05-03T12:28:40.959924
EVT_000237,MCH_05,LINE_C,2026-05-03T13:26:13.959941,speed,34.88,UNKNOWN_STATUS,BATCH_010,2026-05-03T13:28:06.959941
EVT_000238,MCH_01,LINE_C,wrong_date,vibration,30.19,OK,BATCH_013,2026-05-03T12:35:42.959956
EVT_000239,MCH_04,LINE_A,wrong_date,pressure,30.77,WARNING,BATCH_014,2026-05-03T11:40:01.959973
EVT_000240,MCH_04,LINE_A,2026-05-03T12:27:13.960002,temperature,33.51,WARNING,BATCH_016,2026-05-03T12:27:32.960002
EVT_000241,MCH_03,LINE_C,2026-05-03T12:35:13.960026,temperature,16.68,WARNING,BATCH_005,2026-05-03T12:36:52.960026
EVT_000242,MCH_04,LINE_C,2026-05-03T12:38:13.960058,temperature,not_a_number,WARNING,BATCH_020,2026-05-03T12:39:21.960058
EVT_000243,,LINE_B,2026-05-03T11:45:13.960085,temperature,18.07,WARNING,BATCH_017,2026-05-03T11:46:18.960085
EVT_000244,MCH_04,LINE_A,2026-05-03T10:35:13.960107,pressure,50.11,UNKNOWN_STATUS,BATCH_008,2026-05-03T10:35:20.960107
EVT_000245,MCH_05,LINE_A,2026-05-03T12:35:13.960129,pressure,not_a_number,WARNING,BATCH_002,2026-05-03T12:35:32.960129
EVT_000246,MCH_03,LINE_A,2026-05-03T11:09:13.960149,pressure,not_a_number,WARNING,BATCH_002,2026-05-03T11:09:51.960149
EVT_000247,MCH_04,LINE_C,2026-05-03T13:15:13.960171,pressure,92.44,ERROR,BATCH_012,2026-05-03T13:15:49.960171
EVT_000248,MCH_04,LINE_B,wrong_date,pressure,21.6,ERROR,BATCH_019,2026-05-03T12:06:51.960193
EVT_000249,MCH_01,LINE_C,2026-05-03T13:54:13.960217,pressure,59.79,OK,BATCH_003,2026-05-03T13:55:35.960217
EVT_000250,MCH_02,LINE_C,wrong_date,speed,42.05,OK,BATCH_017,2026-05-03T10:47:15.960237
EVT_000251,MCH_01,LINE_C,wrong_date,vibration,97.39,WARNING,BATCH_009,2026-05-03T11:04:56.960255
EVT_000252,MCH_02,LINE_C,2026-05-03T10:28:13.960275,pressure,not_a_number,OK,BATCH_006,2026-05-03T10:29:28.960275
EVT_000253,MCH_01,LINE_A,2026-05-03T11:03:13.960292,speed,105.02,OK,,2026-05-03T11:04:01.960292
EVT_000254,,LINE_A,2026-05-03T12:22:13.960314,temperature,39.34,WARNING,BATCH_014,2026-05-03T12:23:39.960314
EVT_000255,,LINE_A,2026-05-03T11:49:13.960356,vibration,14.54,OK,BATCH_016,2026-05-03T11:49:54.960356
EVT_000256,MCH_03,LINE_B,2026-05-03T11:25:13.960383,vibration,73.52,OK,BATCH_013,2026-05-03T11:25:32.960383
EVT_000257,MCH_03,LINE_A,2026-05-03T14:03:13.960512,pressure,86.59,ERROR,BATCH_007,2026-05-03T14:03:59.960512
EVT_000258,,LINE_B,2026-05-03T12:52:13.960548,vibration,102.78,ERROR,BATCH_016,2026-05-03T12:53:28.960548
EVT_000259,MCH_03,LINE_A,2026-05-03T13:55:13.960583,vibration,101.95,UNKNOWN_STATUS,BATCH_008,2026-05-03T13:57:07.960583
EVT_000260,MCH_04,LINE_B,2026-05-03T10:55:13.960602,temperature,111.83,WARNING,BATCH_019,2026-05-03T10:56:24.960602
EVT_000261,MCH_05,LINE_C,2026-05-03T12:53:13.960680,speed,30.52,UNKNOWN_STATUS,BATCH_013,2026-05-03T12:54:24.960680
EVT_000262,MCH_03,LINE_C,2026-05-03T13:37:13.960708,vibration,117.32,OK,BATCH_012,2026-05-03T13:37:37.960708
EVT_000263,MCH_05,LINE_B,2026-05-03T13:46:13.960725,vibration,52.44,OK,,2026-05-03T13:47:24.960725
EVT_000264,MCH_02,LINE_C,2026-05-03T13:56:13.960741,temperature,43.83,WARNING,,2026-05-03T13:56:30.960741
EVT_000265,MCH_04,LINE_A,2026-05-03T10:20:13.960764,temperature,107.1,ERROR,,2026-05-03T10:21:02.960764
EVT_000266,MCH_01,LINE_B,2026-05-03T13:44:13.960785,pressure,20.46,WARNING,BATCH_011,2026-05-03T13:45:03.960785
EVT_000267,MCH_02,LINE_C,2026-05-03T12:47:13.960807,temperature,53.96,WARNING,BATCH_009,2026-05-03T12:47:17.960807
EVT_000268,MCH_02,LINE_C,2026-05-03T14:01:13.960824,pressure,94.01,ERROR,,2026-05-03T14:02:28.960824
EVT_000269,,LINE_B,2026-05-03T13:03:13.960840,vibration,112.19,ERROR,BATCH_020,2026-05-03T13:04:29.960840
EVT_000270,MCH_01,LINE_B,2026-05-03T11:05:13.960855,temperature,69.07,WARNING,BATCH_010,2026-05-03T11:06:10.960855
EVT_000271,MCH_04,LINE_A,2026-05-03T12:15:13.960870,vibration,33.1,OK,,2026-05-03T12:16:44.960870
EVT_000272,MCH_04,LINE_A,2026-05-03T11:25:13.960888,speed,62.07,ERROR,BATCH_009,2026-05-03T11:25:43.960888
EVT_000273,MCH_03,LINE_C,2026-05-03T13:35:13.960909,pressure,72.37,ERROR,BATCH_011,2026-05-03T13:36:33.960909
EVT_000274,MCH_05,LINE_B,2026-05-03T13:45:13.960930,pressure,86.84,WARNING,BATCH_018,2026-05-03T13:47:02.960930
EVT_000275,MCH_01,LINE_B,wrong_date,speed,109.27,OK,BATCH_010,2026-05-03T13:25:10.960949
EVT_000276,MCH_05,LINE_B,2026-05-03T10:34:13.960974,speed,109.78,UNKNOWN_STATUS,BATCH_003,2026-05-03T10:35:18.960974
EVT_000277,MCH_02,LINE_A,2026-05-03T13:08:13.960996,vibration,90.14,UNKNOWN_STATUS,BATCH_012,2026-05-03T13:10:05.960996
EVT_000278,MCH_01,LINE_B,wrong_date,pressure,116.63,WARNING,BATCH_008,2026-05-03T12:41:33.961014
EVT_000279,MCH_03,LINE_A,2026-05-03T13:47:13.961034,temperature,57.97,WARNING,BATCH_004,2026-05-03T13:47:32.961034
EVT_000280,,LINE_C,2026-05-03T10:26:13.961051,temperature,102.02,OK,BATCH_019,2026-05-03T10:27:14.961051
EVT_000281,MCH_04,LINE_C,2026-05-03T11:31:13.961078,temperature,80.21,ERROR,BATCH_004,2026-05-03T11:32:58.961078
EVT_000282,MCH_01,LINE_C,2026-05-03T12:55:13.961100,vibration,not_a_number,OK,BATCH_020,2026-05-03T12:56:15.961100
EVT_000283,MCH_04,LINE_C,2026-05-03T12:13:13.961120,temperature,74.88,OK,,2026-05-03T12:14:17.961120
EVT_000284,MCH_05,LINE_B,2026-05-03T10:42:13.961148,pressure,75.09,UNKNOWN_STATUS,BATCH_017,2026-05-03T10:43:42.961148
EVT_000285,MCH_05,LINE_A,2026-05-03T10:56:13.961169,temperature,59.18,OK,,2026-05-03T10:56:55.961169
EVT_000286,MCH_05,LINE_C,2026-05-03T14:00:13.961187,speed,115.38,WARNING,,2026-05-03T14:01:14.961187
EVT_000287,MCH_05,LINE_C,2026-05-03T10:56:13.961204,vibration,71.45,OK,BATCH_001,2026-05-03T10:57:01.961204
EVT_000288,,LINE_C,2026-05-03T13:01:13.961224,pressure,12.92,ERROR,BATCH_006,2026-05-03T13:02:02.961224
EVT_000289,,LINE_B,2026-05-03T11:12:13.961243,temperature,47.21,WARNING,BATCH_019,2026-05-03T11:13:10.961243
EVT_000290,MCH_05,LINE_B,2026-05-03T12:09:13.961261,speed,not_a_number,OK,BATCH_010,2026-05-03T12:09:45.961261
EVT_000291,MCH_04,LINE_B,2026-05-03T11:05:13.961280,speed,86.75,ERROR,BATCH_018,2026-05-03T11:06:32.961280
EVT_000292,MCH_01,LINE_A,wrong_date,temperature,106.02,WARNING,BATCH_001,2026-05-03T10:21:01.961300
EVT_000293,MCH_05,LINE_A,2026-05-03T12:22:13.961320,pressure,39.6,ERROR,BATCH_002,2026-05-03T12:23:20.961320
EVT_000294,MCH_01,LINE_C,2026-05-03T11:09:13.961340,speed,111.88,ERROR,BATCH_001,2026-05-03T11:09:30.961340
EVT_000295,MCH_05,LINE_C,2026-05-03T13:35:13.961359,vibration,10.6,ERROR,BATCH_017,2026-05-03T13:37:02.961359
EVT_000296,MCH_04,LINE_B,2026-05-03T11:41:13.961378,pressure,30.53,UNKNOWN_STATUS,BATCH_013,2026-05-03T11:43:11.961378
EVT_000297,MCH_05,LINE_C,2026-05-03T12:35:13.961397,pressure,118.97,ERROR,BATCH_012,2026-05-03T12:35:13.961397
EVT_000298,MCH_01,LINE_B,2026-05-03T12:13:13.961417,temperature,26.58,WARNING,BATCH_019,2026-05-03T12:14:39.961417
EVT_000299,MCH_01,LINE_A,2026-05-03T12:34:13.961436,pressure,31.06,ERROR,BATCH_014,2026-05-03T12:35:36.961436
EVT_000300,MCH_05,LINE_C,2026-05-03T11:38:13.961467,temperature,not_a_number,WARNING,BATCH_001,2026-05-03T11:38:29.961467
EVT_000301,MCH_02,LINE_A,2026-05-03T12:36:13.961487,vibration,84.23,ERROR,,2026-05-03T12:36:13.961487
EVT_000302,MCH_03,LINE_C,2026-05-03T10:47:13.961507,temperature,not_a_number,WARNING,BATCH_012,2026-05-03T10:47:58.961507
EVT_000303,,LINE_A,2026-05-03T10:32:13.961526,pressure,106.61,OK,BATCH_014,2026-05-03T10:33:46.961526
EVT_000304,MCH_02,LINE_C,2026-05-03T10:32:13.961550,pressure,20.15,WARNING,,2026-05-03T10:34:05.961550
EVT_000305,,LINE_A,2026-05-03T13:03:13.961578,pressure,25.36,WARNING,BATCH_007,2026-05-03T13:04:16.961578
EVT_000306,MCH_05,LINE_A,2026-05-03T11:02:13.961604,temperature,19.53,OK,BATCH_003,2026-05-03T11:02:59.961604
EVT_000307,MCH_04,LINE_B,2026-05-03T13:52:13.961648,temperature,not_a_number,ERROR,BATCH_007,2026-05-03T13:53:29.961648
EVT_000308,MCH_01,LINE_C,2026-05-03T14:01:13.961670,speed,43.01,UNKNOWN_STATUS,BATCH_006,2026-05-03T14:01:42.961670
EVT_000309,MCH_03,LINE_B,2026-05-03T13:05:13.961689,temperature,103.85,ERROR,BATCH_013,2026-05-03T13:05:58.961689
EVT_000310,MCH_02,LINE_B,2026-05-03T11:17:13.961710,speed,not_a_number,ERROR,BATCH_001,2026-05-03T11:18:53.961710
EVT_000311,MCH_03,LINE_A,2026-05-03T10:59:13.961733,temperature,50.53,UNKNOWN_STATUS,BATCH_002,2026-05-03T11:00:04.961733
EVT_000312,MCH_01,LINE_A,2026-05-03T12:20:13.961823,speed,45.23,UNKNOWN_STATUS,BATCH_012,2026-05-03T12:21:50.961823
EVT_000313,MCH_03,LINE_A,wrong_date,pressure,110.45,ERROR,BATCH_013,2026-05-03T10:29:31.961853
EVT_000314,,LINE_B,2026-05-03T11:01:13.961877,vibration,16.86,ERROR,BATCH_011,2026-05-03T11:01:35.961877
EVT_000315,MCH_04,LINE_C,2026-05-03T13:54:13.961895,temperature,25.71,WARNING,BATCH_003,2026-05-03T13:55:20.961895
EVT_000316,MCH_05,LINE_C,2026-05-03T11:52:13.961914,temperature,65.65,OK,BATCH_012,2026-05-03T11:52:26.961914
EVT_000317,MCH_03,LINE_A,2026-05-03T10:04:13.961932,speed,35.32,OK,BATCH_008,2026-05-03T10:06:08.961932
EVT_000318,MCH_01,LINE_A,wrong_date,temperature,47.14,WARNING,BATCH_007,2026-05-03T10:43:37.961952
EVT_000319,MCH_02,LINE_A,2026-05-03T13:32:13.961969,vibration,97.18,WARNING,,2026-05-03T13:32:22.961969
EVT_000320,,LINE_B,2026-05-03T13:07:13.962000,speed,13.69,WARNING,BATCH_016,2026-05-03T13:08:00.962000
EVT_000321,MCH_02,LINE_B,2026-05-03T10:36:13.962019,temperature,not_a_number,ERROR,BATCH_020,2026-05-03T10:37:29.962019
EVT_000322,MCH_02,LINE_A,2026-05-03T10:37:13.962039,vibration,94.32,WARNING,BATCH_002,2026-05-03T10:37:51.962039
EVT_000323,,LINE_C,2026-05-03T13:27:13.962057,vibration,76.45,OK,BATCH_002,2026-05-03T13:29:03.962057
EVT_000324,MCH_03,LINE_A,wrong_date,vibration,42.09,WARNING,BATCH_012,2026-05-03T11:03:21.962076
EVT_000325,MCH_02,LINE_C,2026-05-03T13:36:13.962095,vibration,24.03,WARNING,,2026-05-03T13:37:15.962095
EVT_000326,MCH_05,LINE_B,2026-05-03T13:24:13.962114,speed,115.34,WARNING,BATCH_018,2026-05-03T13:25:17.962114
EVT_000327,MCH_02,LINE_C,2026-05-03T13:55:13.962134,pressure,117.03,OK,BATCH_008,2026-05-03T13:55:45.962134
EVT_000328,MCH_05,LINE_A,2026-05-03T11:14:13.962153,speed,not_a_number,ERROR,BATCH_001,2026-05-03T11:14:40.962153
EVT_000329,MCH_01,LINE_A,2026-05-03T12:30:13.962181,speed,29.79,UNKNOWN_STATUS,BATCH_017,2026-05-03T12:30:43.962181
EVT_000330,MCH_02,LINE_B,2026-05-03T11:01:13.962201,temperature,82.07,WARNING,BATCH_002,2026-05-03T11:01:47.962201
EVT_000331,MCH_05,LINE_C,wrong_date,pressure,107.39,WARNING,BATCH_008,2026-05-03T13:31:38.962220
EVT_000332,MCH_02,LINE_A,2026-05-03T11:35:13.962239,temperature,22.67,ERROR,BATCH_009,2026-05-03T11:36:16.962239
EVT_000333,MCH_04,LINE_A,2026-05-03T11:17:13.962256,vibration,90.59,UNKNOWN_STATUS,BATCH_019,2026-05-03T11:17:31.962256
EVT_000334,MCH_03,LINE_A,2026-05-03T11:57:13.962274,speed,not_a_number,OK,BATCH_004,2026-05-03T11:58:29.962274
EVT_000335,MCH_02,LINE_B,2026-05-03T11:33:13.962297,vibration,103.07,OK,BATCH_020,2026-05-03T11:34:35.962297
EVT_000336,MCH_02,LINE_B,2026-05-03T11:30:13.962315,speed,77.61,OK,,2026-05-03T11:31:37.962315
EVT_000337,MCH_03,LINE_B,2026-05-03T12:10:13.962332,pressure,119.34,UNKNOWN_STATUS,BATCH_003,2026-05-03T12:10:47.962332
EVT_000338,MCH_05,LINE_B,2026-05-03T13:41:13.962349,speed,109.29,OK,BATCH_002,2026-05-03T13:42:09.962349
EVT_000339,MCH_01,LINE_B,2026-05-03T12:19:13.962372,speed,not_a_number,ERROR,BATCH_009,2026-05-03T12:21:01.962372
EVT_000340,MCH_02,LINE_C,2026-05-03T13:49:13.962392,vibration,63.58,ERROR,BATCH_017,2026-05-03T13:50:26.962392
EVT_000341,MCH_05,LINE_A,wrong_date,pressure,94.66,OK,BATCH_016,2026-05-03T13:15:25.962409
EVT_000342,MCH_04,LINE_A,2026-05-03T13:01:13.962439,vibration,54.37,WARNING,BATCH_009,2026-05-03T13:01:17.962439
EVT_000343,,LINE_C,2026-05-03T13:14:13.962470,pressure,98.42,WARNING,BATCH_019,2026-05-03T13:14:50.962470
EVT_000344,MCH_02,LINE_A,wrong_date,vibration,89.74,WARNING,BATCH_009,2026-05-03T12:59:16.962486
EVT_000345,MCH_01,LINE_C,2026-05-03T13:58:13.962515,vibration,not_a_number,ERROR,BATCH_009,2026-05-03T13:59:54.962515
EVT_000346,MCH_02,LINE_A,2026-05-03T13:31:13.962531,speed,78.67,UNKNOWN_STATUS,BATCH_008,2026-05-03T13:32:47.962531
EVT_000347,MCH_03,LINE_C,wrong_date,pressure,116.71,WARNING,BATCH_011,2026-05-03T11:12:43.962564
EVT_000348,MCH_02,LINE_C,2026-05-03T12:59:13.962583,pressure,65.39,OK,BATCH_017,2026-05-03T13:01:03.962583
EVT_000349,MCH_03,LINE_A,2026-05-03T12:05:13.962601,pressure,16.8,ERROR,BATCH_020,2026-05-03T12:05:51.962601
EVT_000350,MCH_01,LINE_C,wrong_date,vibration,35.59,ERROR,BATCH_014,2026-05-03T13:44:55.962619
EVT_000351,MCH_03,LINE_A,wrong_date,vibration,60.29,OK,BATCH_005,2026-05-03T11:15:29.962683
EVT_000352,MCH_01,LINE_A,2026-05-03T10:33:13.962697,vibration,23.06,ERROR,BATCH_001,2026-05-03T10:34:01.962697
EVT_000353,MCH_05,LINE_B,2026-05-03T11:31:13.962716,vibration,68.67,WARNING,BATCH_011,2026-05-03T11:32:01.962716
EVT_000354,MCH_03,LINE_A,2026-05-03T10:53:13.962735,temperature,59.89,UNKNOWN_STATUS,BATCH_008,2026-05-03T10:54:24.962735
EVT_000355,MCH_05,LINE_B,2026-05-03T13:19:13.962752,temperature,86.36,OK,BATCH_013,2026-05-03T13:19:36.962752
EVT_000356,MCH_01,LINE_B,2026-05-03T11:27:13.962762,temperature,24,OK,BATCH_010,2026-05-03T11:27:40.962762
EVT_000357,MCH_02,LINE_B,2026-05-03T12:20:13.962772,pressure,37.38,ERROR,BATCH_002,2026-05-03T12:21:44.962772
EVT_000358,MCH_05,LINE_B,2026-05-03T11:07:13.962781,pressure,41.88,WARNING,,2026-05-03T11:08:24.962781
EVT_000359,MCH_05,LINE_B,2026-05-03T11:23:13.962795,vibration,not_a_number,OK,BATCH_020,2026-05-03T11:23:36.962795
EVT_000360,MCH_03,LINE_A,2026-05-03T11:44:13.962823,temperature,112.33,ERROR,BATCH_003,2026-05-03T11:44:23.962823
EVT_000361,MCH_01,LINE_C,2026-05-03T11:08:13.962857,speed,19.31,OK,BATCH_006,2026-05-03T11:08:23.962857
EVT_000362,MCH_02,LINE_C,2026-05-03T10:12:13.962888,pressure,103.65,WARNING,BATCH_006,2026-05-03T10:13:03.962888
EVT_000363,MCH_04,LINE_A,2026-05-03T12:04:13.962905,speed,31.48,UNKNOWN_STATUS,BATCH_005,2026-05-03T12:05:04.962905
EVT_000364,MCH_03,LINE_A,2026-05-03T13:55:13.962916,speed,89.68,OK,BATCH_014,2026-05-03T13:55:30.962916
EVT_000365,MCH_02,LINE_A,2026-05-03T11:14:13.962941,speed,111.31,WARNING,BATCH_018,2026-05-03T11:14:37.962941
EVT_000366,,LINE_A,2026-05-03T10:52:13.962951,speed,103.99,WARNING,BATCH_011,2026-05-03T10:53:02.962951
EVT_000367,MCH_02,LINE_B,2026-05-03T13:02:13.962960,pressure,68.5,OK,BATCH_004,2026-05-03T13:02:39.962960
EVT_000368,MCH_02,LINE_A,2026-05-03T12:46:13.962970,temperature,63.18,ERROR,BATCH_001,2026-05-03T12:47:51.962970
EVT_000369,MCH_03,LINE_B,2026-05-03T11:34:13.962992,vibration,101.41,OK,,2026-05-03T11:34:37.962992
EVT_000370,MCH_01,LINE_A,2026-05-03T13:05:13.963001,vibration,not_a_number,OK,BATCH_009,2026-05-03T13:05:26.963001
EVT_000371,,LINE_B,2026-05-03T10:51:13.963026,temperature,82.35,WARNING,BATCH_014,2026-05-03T10:52:38.963026
EVT_000372,MCH_02,LINE_C,2026-05-03T10:24:13.963036,speed,97.75,ERROR,BATCH_002,2026-05-03T10:25:51.963036
EVT_000373,MCH_04,LINE_B,2026-05-03T10:05:13.963051,temperature,76.76,OK,BATCH_006,2026-05-03T10:05:40.963051
EVT_000374,MCH_05,LINE_A,2026-05-03T12:31:13.963060,speed,46.41,OK,,2026-05-03T12:32:47.963060
EVT_000375,MCH_01,LINE_B,2026-05-03T11:58:13.963070,pressure,68.18,WARNING,,2026-05-03T11:59:31.963070
EVT_000376,MCH_02,LINE_C,2026-05-03T13:59:13.963079,temperature,110.65,OK,BATCH_017,2026-05-03T13:59:23.963079
EVT_000377,MCH_02,LINE_B,2026-05-03T12:39:13.963089,pressure,61.28,WARNING,,2026-05-03T12:41:03.963089
EVT_000378,MCH_02,LINE_C,2026-05-03T12:04:13.963100,temperature,108.58,WARNING,,2026-05-03T12:04:13.963100
EVT_000379,MCH_05,LINE_A,2026-05-03T11:31:13.963111,vibration,67.59,UNKNOWN_STATUS,BATCH_018,2026-05-03T11:32:14.963111
EVT_000380,MCH_05,LINE_A,wrong_date,pressure,58.84,WARNING,BATCH_018,2026-05-03T11:45:50.941979
EVT_000381,MCH_05,LINE_C,2026-05-03T12:02:13.941988,pressure,not_a_number,WARNING,BATCH_004,2026-05-03T12:02:51.941988
EVT_000382,MCH_02,LINE_B,2026-05-03T11:35:13.942000,vibration,96.47,ERROR,BATCH_011,2026-05-03T11:36:53.942000
EVT_000383,MCH_02,LINE_C,2026-05-03T12:11:13.942018,temperature,38.69,OK,BATCH_016,2026-05-03T12:13:04.942018
EVT_000384,,LINE_A,2026-05-03T13:48:13.942034,speed,98.85,ERROR,BATCH_013,2026-05-03T13:48:40.942034
EVT_000385,MCH_01,LINE_A,2026-05-03T10:51:13.942049,speed,75,WARNING,BATCH_011,2026-05-03T10:51:48.942049
EVT_000386,,LINE_B,2026-05-03T11:07:13.942064,pressure,111.51,ERROR,BATCH_016,2026-05-03T11:08:20.942064
EVT_000387,MCH_02,LINE_B,2026-05-03T11:34:13.942080,pressure,23.05,ERROR,BATCH_012,2026-05-03T11:36:00.942080
EVT_000388,MCH_03,LINE_C,2026-05-03T13:25:13.942096,speed,73.99,UNKNOWN_STATUS,BATCH_008,2026-05-03T13:27:03.942096
EVT_000389,MCH_04,LINE_C,2026-05-03T12:01:13.942118,temperature,66.29,WARNING,BATCH_019,2026-05-03T12:02:54.942118
EVT_000390,,LINE_B,2026-05-03T13:59:13.942135,temperature,79.91,ERROR,BATCH_009,2026-05-03T13:59:21.942135
EVT_000391,MCH_05,LINE_A,2026-05-03T10:05:13.942155,vibration,106.72,OK,BATCH_007,2026-05-03T10:06:54.942155
EVT_000392,MCH_03,LINE_B,2026-05-03T13:40:13.942174,pressure,60.09,UNKNOWN_STATUS,BATCH_019,2026-05-03T13:40:51.942174
EVT_000393,MCH_01,LINE_A,2026-05-03T10:38:13.942192,speed,not_a_number,WARNING,BATCH_019,2026-05-03T10:38:52.942192
EVT_000394,MCH_01,LINE_A,2026-05-03T10:04:13.942209,pressure,18.57,OK,BATCH_019,2026-05-03T10:05:47.942209
EVT_000395,MCH_05,LINE_B,2026-05-03T10:32:13.942225,speed,89.25,OK,,2026-05-03T10:34:09.942225
EVT_000396,MCH_04,LINE_B,wrong_date,pressure,111.16,OK,BATCH_002,2026-05-03T12:06:06.942236
EVT_000397,MCH_03,LINE_C,wrong_date,pressure,30.25,WARNING,BATCH_008,2026-05-03T12:36:31.942246
EVT_000398,MCH_05,LINE_C,2026-05-03T12:16:13.942259,vibration,72.02,UNKNOWN_STATUS,BATCH_003,2026-05-03T12:16:32.942259
EVT_000399,MCH_05,LINE_A,2026-05-03T13:25:13.942271,pressure,90.91,WARNING,,2026-05-03T13:27:07.942271
EVT_000400,MCH_01,LINE_A,2026-05-03T13:54:13.942281,speed,39.43,ERROR,BATCH_014,2026-05-03T13:55:31.942281
EVT_000401,MCH_01,LINE_A,2026-05-03T11:02:13.942303,speed,20.91,ERROR,BATCH_006,2026-05-03T11:02:19.942303
EVT_000402,,LINE_B,2026-05-03T10:25:13.942319,speed,16.55,OK,BATCH_011,2026-05-03T10:26:16.942319
EVT_000403,MCH_01,LINE_B,wrong_date,temperature,16.29,OK,BATCH_008,2026-05-03T11:47:25.942329
EVT_000404,MCH_05,LINE_B,2026-05-03T13:07:13.942339,pressure,53.76,OK,BATCH_004,2026-05-03T13:07:15.942339
EVT_000405,MCH_05,LINE_A,2026-05-03T13:53:13.942349,pressure,119.24,ERROR,,2026-05-03T13:53:53.942349
EVT_000406,MCH_02,LINE_B,2026-05-03T13:35:13.942359,speed,33.35,WARNING,BATCH_011,2026-05-03T13:36:17.942359
EVT_000407,MCH_01,LINE_C,2026-05-03T13:22:13.942368,pressure,107.69,UNKNOWN_STATUS,BATCH_019,2026-05-03T13:22:57.942368
EVT_000408,MCH_02,LINE_C,2026-05-03T13:24:13.942380,temperature,116.95,OK,BATCH_002,2026-05-03T13:24:39.942380
EVT_000409,MCH_05,LINE_B,2026-05-03T11:26:13.942390,pressure,67.14,WARNING,,2026-05-03T11:26:19.942390
EVT_000410,MCH_03,LINE_C,2026-05-03T12:00:13.942405,speed,69.26,WARNING,BATCH_002,2026-05-03T12:00:37.942405
EVT_000411,MCH_02,LINE_B,2026-05-03T11:32:13.942424,pressure,49.49,UNKNOWN_STATUS,BATCH_006,2026-05-03T11:33:05.942424
EVT_000412,MCH_01,LINE_A,wrong_date,speed,105.14,OK,BATCH_008,2026-05-03T10:58:16.942452
EVT_000413,MCH_04,LINE_B,2026-05-03T10:20:13.942485,speed,10.35,OK,BATCH_013,2026-05-03T10:21:25.942485
EVT_000414,MCH_04,LINE_B,2026-05-03T13:08:13.942496,vibration,115.62,ERROR,BATCH_006,2026-05-03T13:09:55.942496
EVT_000415,MCH_01,LINE_A,2026-05-03T12:15:13.942506,speed,115.96,UNKNOWN_STATUS,BATCH_006,2026-05-03T12:16:00.942506
EVT_000416,MCH_04,LINE_A,2026-05-03T12:04:13.942518,vibration,not_a_number,OK,BATCH_008,2026-05-03T12:04:46.942518
EVT_000417,MCH_02,LINE_B,2026-05-03T11:02:13.942531,vibration,20.07,UNKNOWN_STATUS,BATCH_009,2026-05-03T11:02:36.942531
EVT_000418,MCH_04,LINE_B,2026-05-03T11:02:13.942542,vibration,17.49,OK,BATCH_011,2026-05-03T11:02:45.942542
EVT_000419,MCH_03,LINE_B,2026-05-03T13:10:13.942552,pressure,73.45,UNKNOWN_STATUS,BATCH_016,2026-05-03T13:10:38.942552
EVT_000420,MCH_05,LINE_C,wrong_date,speed,39.94,OK,BATCH_004,2026-05-03T10:11:25.942575
EVT_000421,MCH_04,LINE_C,2026-05-03T10:12:13.942600,speed,93.32,ERROR,,2026-05-03T10:12:15.942600
EVT_000422,MCH_04,LINE_A,2026-05-03T11:06:13.942609,speed,16.52,OK,,2026-05-03T11:06:33.942609
EVT_000423,MCH_04,LINE_A,2026-05-03T13:58:13.942619,temperature,23.17,OK,BATCH_004,2026-05-03T13:59:19.942619
EVT_000424,MCH_04,LINE_B,wrong_date,speed,67.52,WARNING,BATCH_016,2026-05-03T12:37:44.942629
EVT_000425,MCH_02,LINE_C,2026-05-03T10:34:13.942639,pressure,51.1,OK,BATCH_016,2026-05-03T10:36:01.942639
EVT_000426,MCH_03,LINE_C,2026-05-03T13:53:13.942648,temperature,109.29,UNKNOWN_STATUS,BATCH_001,2026-05-03T13:54:20.942648
EVT_000427,MCH_02,LINE_A,2026-05-03T11:15:13.942658,speed,16.03,WARNING,BATCH_019,2026-05-03T11:16:59.942658
EVT_000428,,LINE_A,2026-05-03T11:55:13.942667,vibration,24.18,OK,BATCH_006,2026-05-03T11:55:50.942667
EVT_000429,MCH_03,LINE_C,2026-05-03T10:55:13.942676,speed,48.38,UNKNOWN_STATUS,BATCH_016,2026-05-03T10:55:26.942676
EVT_000430,MCH_01,LINE_A,2026-05-03T12:28:13.942686,speed,25.32,WARNING,,2026-05-03T12:29:03.942686
EVT_000431,MCH_05,LINE_A,wrong_date,pressure,103.68,WARNING,BATCH_008,2026-05-03T12:24:56.942697
EVT_000432,MCH_02,LINE_A,2026-05-03T13:20:13.942716,temperature,not_a_number,OK,BATCH_003,2026-05-03T13:20:58.942716
EVT_000433,MCH_01,LINE_C,wrong_date,pressure,100.24,WARNING,BATCH_010,2026-05-03T10:45:44.942736
EVT_000434,,LINE_B,2026-05-03T11:26:13.942754,pressure,108.63,OK,BATCH_008,2026-05-03T11:26:13.942754
EVT_000435,MCH_02,LINE_A,2026-05-03T11:25:13.942770,temperature,not_a_number,WARNING,BATCH_003,2026-05-03T11:25:41.942770
EVT_000436,MCH_05,LINE_C,2026-05-03T12:42:13.942786,temperature,81.71,UNKNOWN_STATUS,BATCH_008,2026-05-03T12:42:59.942786
EVT_000437,MCH_03,LINE_C,2026-05-03T13:57:13.942809,temperature,45.9,ERROR,BATCH_004,2026-05-03T13:57:40.942809
EVT_000438,MCH_04,LINE_C,wrong_date,vibration,21.55,ERROR,BATCH_011,2026-05-03T11:53:52.942828
EVT_000439,MCH_02,LINE_B,2026-05-03T13:49:13.942848,speed,100.1,ERROR,BATCH_020,2026-05-03T13:49:48.942848
EVT_000440,MCH_05,LINE_C,2026-05-03T13:11:13.942872,vibration,44.84,ERROR,,2026-05-03T13:12:53.942872
EVT_000441,MCH_03,LINE_B,2026-05-03T11:19:13.942890,temperature,not_a_number,WARNING,BATCH_019,2026-05-03T11:19:39.942890
EVT_000442,MCH_04,LINE_B,2026-05-03T12:09:13.942908,vibration,not_a_number,WARNING,BATCH_005,2026-05-03T12:10:54.942908
EVT_000443,MCH_01,LINE_A,wrong_date,speed,96.44,ERROR,BATCH_020,2026-05-03T11:30:55.942926
EVT_000444,MCH_03,LINE_A,2026-05-03T14:01:13.942963,pressure,101.45,ERROR,,2026-05-03T14:01:21.942963
EVT_000445,MCH_03,LINE_B,2026-05-03T11:34:13.942991,vibration,12.73,OK,,2026-05-03T11:35:27.942991
EVT_000446,MCH_05,LINE_B,2026-05-03T12:55:13.943001,speed,58.84,UNKNOWN_STATUS,BATCH_010,2026-05-03T12:56:26.943001
EVT_000447,MCH_01,LINE_A,wrong_date,temperature,41.12,OK,BATCH_002,2026-05-03T11:28:03.943011
EVT_000448,MCH_04,LINE_B,2026-05-03T11:36:13.943020,vibration,95.01,WARNING,BATCH_019,2026-05-03T11:36:55.943020
EVT_000449,MCH_01,LINE_C,2026-05-03T10:07:13.943029,vibration,100.63,ERROR,BATCH_004,2026-05-03T10:08:26.943029
EVT_000450,MCH_05,LINE_C,2026-05-03T10:22:13.943039,speed,50.05,OK,BATCH_011,2026-05-03T10:23:33.943039
EVT_000451,,LINE_C,2026-05-03T11:26:13.943048,temperature,25.86,OK,BATCH_010,2026-05-03T11:26:25.943048
EVT_000452,MCH_05,LINE_C,wrong_date,pressure,102.64,ERROR,BATCH_008,2026-05-03T11:52:23.943057
EVT_000453,MCH_04,LINE_C,2026-05-03T10:31:13.943079,pressure,32.71,OK,BATCH_016,2026-05-03T10:32:02.943079
EVT_000454,,LINE_B,2026-05-03T13:57:13.943089,speed,36.88,WARNING,BATCH_003,2026-05-03T13:58:17.943089
EVT_000455,MCH_01,LINE_C,2026-05-03T10:37:13.943098,pressure,77.52,ERROR,BATCH_012,2026-05-03T10:37:38.943098
EVT_000456,MCH_03,LINE_B,2026-05-03T13:08:13.943109,speed,21.63,ERROR,BATCH_012,2026-05-03T13:09:02.943109
EVT_000457,MCH_03,LINE_C,2026-05-03T13:48:13.943118,speed,54.34,ERROR,BATCH_010,2026-05-03T13:48:42.943118
EVT_000458,,LINE_A,2026-05-03T11:52:13.943143,vibration,29.32,ERROR,BATCH_015,2026-05-03T11:52:41.943143
EVT_000459,MCH_01,LINE_B,wrong_date,pressure,89.75,ERROR,BATCH_008,2026-05-03T12:03:05.943153
EVT_000460,MCH_02,LINE_C,2026-05-03T11:13:13.943162,pressure,87.97,OK,BATCH_018,2026-05-03T11:13:50.943162
EVT_000461,MCH_01,LINE_B,2026-05-03T10:55:13.943171,pressure,not_a_number,OK,BATCH_013,2026-05-03T10:56:11.943171
EVT_000462,MCH_02,LINE_C,wrong_date,speed,11.18,WARNING,BATCH_019,2026-05-03T10:10:34.943183
EVT_000463,MCH_03,LINE_A,2026-05-03T12:29:13.943193,speed,103.91,ERROR,BATCH_012,2026-05-03T12:29:22.943193
EVT_000464,MCH_02,LINE_C,2026-05-03T11:16:13.943202,vibration,64.73,ERROR,,2026-05-03T11:16:39.943202
EVT_000465,MCH_02,LINE_B,2026-05-03T13:11:13.943211,vibration,36.05,WARNING,BATCH_006,2026-05-03T13:11:39.943211
EVT_000466,MCH_05,LINE_C,2026-05-03T10:18:13.943220,vibration,112.58,WARNING,BATCH_013,2026-05-03T10:19:18.943220
EVT_000467,MCH_01,LINE_B,2026-05-03T13:33:13.943230,speed,97.73,OK,BATCH_018,2026-05-03T13:33:39.943230
EVT_000468,MCH_05,LINE_B,2026-05-03T10:50:13.943239,vibration,13.45,OK,BATCH_001,2026-05-03T10:51:51.943239
EVT_000469,MCH_05,LINE_B,2026-05-03T13:28:13.943248,speed,51.53,ERROR,BATCH_019,2026-05-03T13:29:37.943248
EVT_000470,MCH_02,LINE_C,2026-05-03T10:09:13.943258,pressure,116.85,ERROR,BATCH_006,2026-05-03T10:10:38.943258
EVT_000471,MCH_02,LINE_C,2026-05-03T11:28:13.943368,speed,103.49,UNKNOWN_STATUS,BATCH_020,2026-05-03T11:28:24.943368
EVT_000472,MCH_01,LINE_C,2026-05-03T12:46:13.943383,temperature,19.88,WARNING,BATCH_005,2026-05-03T12:46:24.943383
EVT_000473,MCH_03,LINE_C,2026-05-03T12:45:13.943398,speed,98.87,OK,BATCH_013,2026-05-03T12:46:45.943398
EVT_000474,MCH_04,LINE_B,2026-05-03T13:53:13.943408,speed,83.95,OK,BATCH_004,2026-05-03T13:54:07.943408
EVT_000475,MCH_04,LINE_C,2026-05-03T11:23:13.943417,temperature,87.5,WARNING,BATCH_007,2026-05-03T11:23:50.943417
EVT_000476,MCH_02,LINE_A,2026-05-03T11:22:13.943430,vibration,25.51,UNKNOWN_STATUS,BATCH_011,2026-05-03T11:22:40.943430
EVT_000477,MCH_05,LINE_A,2026-05-03T10:38:13.943440,temperature,19.96,OK,BATCH_003,2026-05-03T10:39:24.943440
EVT_000478,MCH_02,LINE_C,wrong_date,speed,93.89,ERROR,BATCH_010,2026-05-03T10:28:12.943449
EVT_000479,MCH_04,LINE_B,2026-05-03T12:19:13.943459,speed,not_a_number,WARNING,BATCH_008,2026-05-03T12:19:15.943459
EVT_000480,MCH_03,LINE_B,2026-05-03T12:54:13.943468,temperature,54.8,OK,BATCH_011,2026-05-03T12:56:01.943468
EVT_000481,MCH_01,LINE_B,2026-05-03T11:58:13.943477,temperature,56.06,ERROR,BATCH_014,2026-05-03T11:59:06.943477
EVT_000482,MCH_05,LINE_B,2026-05-03T13:45:13.943486,temperature,29.5,OK,BATCH_008,2026-05-03T13:45:53.943486
EVT_000483,MCH_03,LINE_B,2026-05-03T13:54:13.943495,temperature,74.79,UNKNOWN_STATUS,BATCH_010,2026-05-03T13:55:16.943495
EVT_000484,MCH_03,LINE_A,2026-05-03T13:36:13.943531,vibration,not_a_number,WARNING,BATCH_006,2026-05-03T13:36:34.943531
EVT_000485,MCH_02,LINE_A,2026-05-03T12:18:13.943544,vibration,42.33,ERROR,BATCH_005,2026-05-03T12:19:59.943544
EVT_000486,MCH_01,LINE_C,2026-05-03T10:57:13.943554,speed,51.51,WARNING,BATCH_005,2026-05-03T10:58:47.943554
EVT_000487,MCH_02,LINE_A,2026-05-03T10:33:13.943563,pressure,not_a_number,WARNING,BATCH_004,2026-05-03T10:35:00.943563
EVT_000488,MCH_01,LINE_C,2026-05-03T13:21:13.943572,vibration,not_a_number,ERROR,BATCH_015,2026-05-03T13:21:37.943572
EVT_000489,MCH_05,LINE_C,wrong_date,vibration,29.04,WARNING,BATCH_008,2026-05-03T10:37:39.943581
EVT_000490,MCH_02,LINE_C,2026-05-03T12:50:13.943590,vibration,73.63,UNKNOWN_STATUS,BATCH_009,2026-05-03T12:51:08.943590
EVT_000491,MCH_05,LINE_C,2026-05-03T10:03:13.943600,speed,not_a_number,ERROR,BATCH_002,2026-05-03T10:04:18.943600
EVT_000492,MCH_05,LINE_B,2026-05-03T13:34:13.943609,pressure,not_a_number,OK,BATCH_019,2026-05-03T13:35:14.943609
EVT_000493,MCH_04,LINE_C,2026-05-03T12:29:13.943618,speed,77.08,WARNING,,2026-05-03T12:30:02.943618
EVT_000494,MCH_01,LINE_C,wrong_date,pressure,28.35,ERROR,BATCH_017,2026-05-03T13:38:04.943628
EVT_000495,MCH_02,LINE_B,2026-05-03T10:24:13.943641,speed,not_a_number,OK,BATCH_017,2026-05-03T10:24:57.943641
EVT_000496,MCH_02,LINE_B,2026-05-03T12:13:13.943651,vibration,27.25,ERROR,BATCH_006,2026-05-03T12:13:48.943651
EVT_000497,MCH_02,LINE_B,2026-05-03T10:33:13.943660,temperature,17.52,OK,,2026-05-03T10:34:57.943660
EVT_000498,MCH_01,LINE_B,2026-05-03T11:20:13.943669,temperature,98.65,OK,BATCH_016,2026-05-03T11:20:31.943669
EVT_000499,MCH_03,LINE_C,2026-05-03T11:20:13.943681,vibration,not_a_number,OK,BATCH_016,2026-05-03T11:21:38.943681
EVT_000500,,LINE_B,2026-05-03T13:14:13.943691,vibration,20.1,WARNING,BATCH_011,2026-05-03T13:14:29.943691
